,Название,Дата начала,Дата окончания,Статус,Организатор
0," Закуп товара для ФЭиНИ, согласно заявке № 244/21 от 06.09.2021г.",06.09.2021 12:45,09.09.2021 12:45,ЗАВЕРШЕНО,АО Казахстанско-Британский технический университет
1," Закуп санитарно-противоэпидемиологических, дезинфицирующих средств и оборудования, согласно заявке № /540 от 03.09.2021г.",03.09.2021 14:00,08.09.2021 14:00,ЗАВЕРШЕНО,АО Казахстанско-Британский технический университет
2," Закуп товара для НОЦАЭиН, АО ""КБТУ"", согласно заявке № 240/21 от 01.09.2021г.",02.09.2021 17:00,07.09.2021 17:00,ЗАВЕРШЕНО,АО Казахстанско-Британский технический университет
3," Закуп хоз.товаров и медикаментов для ДМиС, согласно заявке № 234/21 от 31.08.2021г.",01.09.2021 15:10,06.09.2021 15:11,ЗАВЕРШЕНО,АО Казахстанско-Британский технический университет
4," Закуп услуг по изготовлению печати КБТУ _ ДБУОиФ, согласно заявке № 229/21 ОТ 31.08.2021г.",01.09.2021 12:45,06.09.2021 12:45,ЗАВЕРШЕНО,АО Казахстанско-Британский технический университет
5," Услуги по организации кофе-брейков, (кейтеринга), согласно заявке №239/21 от 31.08.2021г.",01.09.2021 09:35,04.09.2021 09:35,ЗАВЕРШЕНО,АО Казахстанско-Британский технический университет
6," Услуги по заправке картриджей и ремонту печатного оборудования, согласно заявке №237/21 от 31.08.2021г.",01.09.2021 09:30,04.09.2021 09:30,ЗАВЕРШЕНО,АО Казахстанско-Британский технический университет
7," Услуги по стирке, выведение пятен,  глажке штор, тюля жилых комнат общежития  в ДМиС, согласно заявке №233/21 от 31.08.2021г.",01.09.2021 09:25,04.09.2021 09:25,ЗАВЕРШЕНО,АО Казахстанско-Британский технический университет
8," Закуп услуг по промывке и гидравлическому испытанию отопительной системы в ДМиС, согласно заявке №233/21 от 31.08.2021г.",01.09.2021 09:25,04.09.2021 09:25,ЗАВЕРШЕНО,АО Казахстанско-Британский технический университет
9," Услуги по проведению периодического медосмотра  в ДМиС, согласно заявке №233/21 от 31.08.2021г.",01.09.2021 09:20,04.09.2021 09:20,ЗАВЕРШЕНО,АО Казахстанско-Британский технический университет
10," Закуп услуг по огнезащитной обработке деревянных конструкций в ДМиС, согласно заявке №233/21 от 31.08.2021г.",01.09.2021 09:15,04.09.2021 09:15,ЗАВЕРШЕНО,АО Казахстанско-Британский технический университет
11," Закуп товара (питьевая вода 0,33 л. в стеклянной таре) для ЭХД, АО ""КБТУ"", согласно заявке № 235/21 от 31.08.2021г.",31.08.2021 17:50,03.09.2021 17:50,ЗАВЕРШЕНО,АО Казахстанско-Британский технический университет
12," Закуп санитарных товаров для защиты от COVID для ДМиС, согласно заявке № 232/21 от 31.08.2021г.",31.08.2021 17:40,03.09.2021 17:40,ЗАВЕРШЕНО,АО Казахстанско-Британский технический университет
13," Закуп транспортно-логистических услуг для перевозке ОС КБТУ из г. Актау в г. Алматы, согласно заявке № 236/21 ОТ 27.08.2021г.",27.08.2021 10:00,02.09.2021 10:00,ЗАВЕРШЕНО,АО Казахстанско-Британский технический университет
14," Закуп услуг услуг по проведению сертификации для НОЦАЭН, согласно заявке № 231/21 от 25.08.2021г.",26.08.2021 09:20,01.09.2021 09:21,ЗАВЕРШЕНО,АО Казахстанско-Британский технический университет
15," Закупка услуг по вывозу снега (с погрузкой) и строительного мусора (ЭХД), согласно заявке №225/21 от 20.08.2021г.",25.08.2021 16:15,31.08.2021 16:16,ЗАВЕРШЕНО,АО Казахстанско-Британский технический университет
16," Закуп услуг аренды манипулятора  для НОЦАЭН, согласно заявке № 231/21 от 25.08.2021г.",25.08.2021 15:40,31.08.2021 15:41,ЗАВЕРШЕНО,АО Казахстанско-Британский технический университет
17," Закуп компонентов для ЛПРЭ, согласно заявке №226/21 от 23.08.2021г.",24.08.2021 14:20,27.08.2021 14:21,ЗАВЕРШЕНО,АО Казахстанско-Британский технический университет
18," Закуп компьютерной техники для ФГИГ, согласно заявке № 227/21 от 23.08.2021г.",23.08.2021 17:20,26.08.2021 17:20,ЗАВЕРШЕНО,АО Казахстанско-Британский технический университет
19," Закупка услуг по вывозу снега (с погрузкой) и строительного мусора (ЭХД), согласно заявке №225/21 от 20.08.2021г.",20.08.2021 16:00,25.08.2021 16:01,ЗАВЕРШЕНО,АО Казахстанско-Британский технический университет
20," Закуп услуг по страхованию и техническому осмотру служебного автотранспорта АО ""КБТУ"", согласно заявке № 224/21 ОТ 20.08.2021г.",20.08.2021 15:47,25.08.2021 15:47,ЗАВЕРШЕНО,АО Казахстанско-Британский технический университет
21," Закуп медицинских масок, согласно заявке № 221/21 от 13.08.2021г.",16.08.2021 10:00,19.08.2021 10:01,ЗАВЕРШЕНО,АО Казахстанско-Британский технический университет
22," Закуп товара (дизельное топливо и бензин) для служебных машин АО ""КБТУ"", согласно заявке №219/21 от 28.07.2021г.",29.07.2021 10:45,02.08.2021 10:45,ЗАВЕРШЕНО,АО Казахстанско-Британский технический университет
23," Закупка товара (картриджы для принтера МФУ Canon i-SENSYS MF-3010 ) для проекта НИР, на основании заявки №210/21 от 21.07.2021г.",28.07.2021 11:05,02.08.2021 11:05,ЗАВЕРШЕНО,АО Казахстанско-Британский технический университет
24, Закуп кондиционеров для КМА на основании заявки №216/21 от 22.07.2021г.,23.07.2021 10:30,27.07.2021 10:30,ЗАВЕРШЕНО,АО Казахстанско-Британский технический университет
25, Закуп товара  (фольга алюминиевая) для Сектора коммерциализации на основании заявки №214/21 от 22.07.2021г. ,23.07.2021 00:00,26.07.2021 00:00,ЗАВЕРШЕНО,АО Казахстанско-Британский технический университет
26," Закупка товара (картриджы для принтера МФУ Canon i-SENSYS MF-3010 ) для проекта НИР, на основании заявки №210/21 от 21.07.2021г.",22.07.2021 16:15,26.07.2021 16:15,ЗАВЕРШЕНО,АО Казахстанско-Британский технический университет
27, Закуп товара Зонды NSG01 и Зонды NSG10 212/21 от 21.07.2021г.,22.07.2021 16:00,26.07.2021 16:00,ЗАВЕРШЕНО,АО Казахстанско-Британский технический университет
28," Закуп товара для БФ, АО ""КБТУ"", согласно заявке № 206/21 от 03.07.2021г.",07.07.2021 17:00,12.07.2021 17:00,ЗАВЕРШЕНО,АО Казахстанско-Британский технический университет
29," Закуп товара (Бидистиллятор BWD-A1.6D) для НОЦХИ,   АО ""КБТУ"", согласно заявке № 202/21 от 30.06.2021г.",02.07.2021 14:30,08.07.2021 14:30,ЗАВЕРШЕНО,АО Казахстанско-Британский технический университет
30," Закуп товара: Источник бесперебойного питания, SVC, PT-6K-LCD, на основании заявки №201/21 от 01.07.2021г.",02.07.2021 12:00,07.07.2021 12:00,ЗАВЕРШЕНО,АО Казахстанско-Британский технический университет
31," Закуп товара (кондиционеры оконный, бренда - Gree-12) для ЭХД,  АО ""КБТУ"", согласно заявке № 194/21 от 25.06.2021г.",30.06.2021 17:00,03.07.2021 17:00,ЗАВЕРШЕНО,АО Казахстанско-Британский технический университет
32," Закуп товара (кондиционеры оконный, бренда - Gree-12) для ЭХД,  АО ""КБТУ"", согласно заявке № 196/21 от 28.06.2021г.",30.06.2021 16:35,03.07.2021 16:35,ЗАВЕРШЕНО,АО Казахстанско-Британский технический университет
33," Закуп хладагента-фреонR22, на основании заявки ЭХД №199/21 от 30.06.2021г.",30.06.2021 16:20,03.07.2021 16:20,ЗАВЕРШЕНО,АО Казахстанско-Британский технический университет
34," Закуп услуг по изготовлению печати для ДДО, согласно заявке №198/21 от 30.06.2021г.",30.06.2021 15:35,03.07.2021 15:36,ЗАВЕРШЕНО,АО Казахстанско-Британский технический университет
35," Закуп картриджей для ДИТ, согласно заявке №195/21 от 25.06.2021г.",25.06.2021 15:00,30.06.2021 15:01,ЗАВЕРШЕНО,АО Казахстанско-Британский технический университет
36," Закуп хозяйственных товаров для ЭХД, согласно заявке №175/21 от 25.06.2021г.",25.06.2021 14:15,30.06.2021 14:16,ЗАВЕРШЕНО,АО Казахстанско-Британский технический университет
37," Закуп страховых полисов для КМА АО ""КБТУ"", согласно заявке № 182/21 от 18.06.2021г.",23.06.2021 17:10,28.06.2021 17:10,ЗАВЕРШЕНО,АО Казахстанско-Британский технический университет
38," Закуп стульев и комплекта (диван и кресло) для ДМиС и мягкая мебель для ЭХД, согласно заявкам №184/21 ОТ 18.06.2021,№188/21 ОТ 21.06.2021",22.06.2021 10:15,25.06.2021 10:16,ЗАВЕРШЕНО,АО Казахстанско-Британский технический университет
39," Услуги дижитал маркетинга (таргет реклама), на основании заявки № 185/21 ОТ 18.06.2021",21.06.2021 12:30,24.06.2021 12:30,ЗАВЕРШЕНО,АО Казахстанско-Британский технический университет
40," Закуп гарнитуры для рации HYT TC-518 , согласно заявке №178/21 от 17.06.2021г.",17.06.2021 11:00,22.06.2021 11:01,ЗАВЕРШЕНО,АО Казахстанско-Британский технический университет
41," Закуп на приобретение компьютера, мониторов для ФГиГ,  АО ""КБТУ"", согласно заявкам № 164/21 от 08.06.2021г. И № 170/21 от 10.06.2021г.",16.06.2021 16:25,21.06.2021 16:25,ЗАВЕРШЕНО,АО Казахстанско-Британский технический университет
42," Закуп на приобретение канцелярских товаров для ДМиС, ЭХД, ДМиР, согласно заявкам № 163/21, 171/21, 173/21 от 10.06.21г.",11.06.2021 17:20,16.06.2021 17:21,ЗАВЕРШЕНО,АО Казахстанско-Британский технический университет
43," Закуп товар для ДИСР, АО ""КБТУ"", согласно заявке № 168/21 от 10.06.2021г.",10.06.2021 14:10,15.06.2021 14:10,ЗАВЕРШЕНО,АО Казахстанско-Британский технический университет
44," Закуп услуг по продлению лицензий программы М365, согласно заявке №167/21 от 09.06.2021г.",09.06.2021 15:10,14.06.2021 15:11,ЗАВЕРШЕНО,АО Казахстанско-Британский технический университет
45," Приобретение компьютерного оборудования и материалов для ДИТ КБТУ, на основании заявки № 162/21 ОТ 09.06.2021",09.06.2021 12:30,14.06.2021 12:30,ЗАВЕРШЕНО,АО Казахстанско-Британский технический университет
46," Закуп на приобретение компьютера, мониторов и программного обеспечения для ФГиГ,  АО ""КБТУ"", согласно заявке № 164/21 от08.06.2021г.",08.06.2021 17:40,11.06.2021 17:40,ЗАВЕРШЕНО,АО Казахстанско-Британский технический университет
47," Закуп товар для ФЭиНИ, АО ""КБТУ"", согласно заявке № 135/21 от 21.05.2021г.",08.06.2021 16:20,11.06.2021 16:20,ЗАВЕРШЕНО,АО Казахстанско-Британский технический университет
48," Заявка на приобретение мебели для Дома магистрантов и студентов, согласно заявке №161/21 от 04.06.2021г.",04.06.2021 16:30,09.06.2021 16:31,ЗАВЕРШЕНО,АО Казахстанско-Британский технический университет
49," Приобретение услуг страхования и технического осмотра автотранспортных средств, На основании заявки № 148/21 ОТ 26.05.2021г.",27.05.2021 11:00,01.06.2021 11:00,ЗАВЕРШЕНО,АО Казахстанско-Британский технический университет
50," Закуп фреона R-22 и фреонового масла, согласно заявке №147/21 от 26.05.2021г.",26.05.2021 17:30,31.05.2021 17:31,ЗАВЕРШЕНО,АО Казахстанско-Британский технический университет
51," Закуп материалов для НОЦАЭН, согласно заявке № 143/21 от 24.05.2021г.",25.05.2021 10:00,28.05.2021 10:01,ЗАВЕРШЕНО,АО Казахстанско-Британский технический университет
52, Приобретение литературы на основании заявки № 134/21 ОТ 19.05.2021,19.05.2021 11:40,24.05.2021 11:40,ЗАВЕРШЕНО,АО Казахстанско-Британский технический университет
53," Закуп услуг по съемке видеоролика ""Фильм о КБТУ"", согласно заявке №132/21 от 17.05.2021г.",17.05.2021 17:00,20.05.2021 17:01,ЗАВЕРШЕНО,АО Казахстанско-Британский технический университет
54," Закуп хоз.товаров и инвентаря для ДМиС АО ""КБТУ"", согласно заявке № 130/21 от 17.05.2021г.",17.05.2021 14:40,20.05.2021 14:40,ЗАВЕРШЕНО,АО Казахстанско-Британский технический университет
55," Закуп товара для Лаборатории Robotix Факульета Информационных Технологий, на основании заявки 125/21 от 13.05.2021г.",14.05.2021 14:30,19.05.2021 14:30,ЗАВЕРШЕНО,АО Казахстанско-Британский технический университет
56," Закупка услуг по ремонту и сервисному обслуживанию 10 прецизионных кондиционеров (ДИТ), согласно заявке №127/21 от 13.05.2021г.",13.05.2021 18:00,18.05.2021 18:00,ЗАВЕРШЕНО,АО Казахстанско-Британский технический университет
57," Закуп расходных материалов и запасных частей для ИЦ, согласно заявке №128/21 от 13.05.2021г.",13.05.2021 15:20,18.05.2021 15:21,ЗАВЕРШЕНО,АО Казахстанско-Британский технический университет
58," Заявка на закуп мебели и техники (моноблок) для ФИТ, согласно заявке №125/21 от 13.05.2021г.",13.05.2021 14:40,18.05.2021 14:41,ЗАВЕРШЕНО,АО Казахстанско-Британский технический университет
59, Закуп лицензий Антивируса для серверов и рабочих станций. Согласно заявке № 129/21 ОТ 13.05.2021,13.05.2021 11:50,17.05.2021 11:50,ЗАВЕРШЕНО,АО Казахстанско-Британский технический университет
60," Заявка на закуп услуг по установке системы видеонаблюдения, согласно заявке №124/21 от 12.05.2021г.",12.05.2021 12:30,17.05.2021 12:31,ЗАВЕРШЕНО,АО Казахстанско-Британский технический университет
61," Заявка на закуп бесконтактной смарт-карты, пластиковых наклеек  и картриджа  для СБ, согласно заявке 124/21 от 12.05.2021г.",12.05.2021 12:00,17.05.2021 12:01,ЗАВЕРШЕНО,АО Казахстанско-Британский технический университет
62," Закуп стульев для ДМиС АО ""КБТУ"", согласно заявке № 120/21 от 11.05.2021г.",11.05.2021 16:50,14.05.2021 16:50,ЗАВЕРШЕНО,АО Казахстанско-Британский технический университет
63," Закуп услуг по чистке ковров и дорожек ДМиС, согласно заявке № 119/21 ОТ 11.05.2021",11.05.2021 16:30,14.05.2021 16:30,ЗАВЕРШЕНО,АО Казахстанско-Британский технический университет
64," Закуп страховых полисов для КМА АО ""КБТУ"", согласно заявке № 117/21 от 05.05.2021г.",06.05.2021 16:00,13.05.2021 16:00,ЗАВЕРШЕНО,АО Казахстанско-Британский технический университет
65," Закуп страховых полисов для КМА АО ""КБТУ"", согласно заявке № 117/21 от 05.05.2021г.",06.05.2021 00:00,09.05.2021 00:00,ЗАВЕРШЕНО,АО Казахстанско-Британский технический университет
66," Закуп товара для НОЦАиЭН ""КБТУ"", согласно заявке № 114/21 от 30.04.2021г.",05.05.2021 14:00,12.05.2021 14:00,ЗАВЕРШЕНО,АО Казахстанско-Британский технический университет
67," Заявка на закуп компьютерного оборудования, согласно заявке № 109/21 ОТ 28.04.2021г.",28.04.2021 16:00,04.05.2021 16:01,ЗАВЕРШЕНО,АО Казахстанско-Британский технический университет
68," Закуп товаров, работ или услуг (ТРУ) на модернизацию системы ВКС и перенос видео-стены АО ""КБТУ"", согласно заявке № 107/21 от 23.04.2021г.",27.04.2021 14:30,30.04.2021 14:30,ЗАВЕРШЕНО,АО Казахстанско-Британский технический университет
69, Закуп Учебного лабораторного комплекса «ФИЗИЧЕСКАЯ И КОЛЛОИДНАЯ ХИМИЯ» для НОЦ ХИ на основании заявки 106/21 от 19.04.2021 г.,27.04.2021 12:30,30.04.2021 12:30,ЗАВЕРШЕНО,АО Казахстанско-Британский технический университет
70," Закуп работ по ремонту печи для ФГиГ АО ""КБТУ"", согласно заявке №99/21 от 12.04.2021г.",26.04.2021 18:00,29.04.2021 18:00,ЗАВЕРШЕНО,АО Казахстанско-Британский технический университет
71," Закуп лабораторного оборудования для ФГиГ АО ""КБТУ"", согласно заявке №99/21 от 12.04.2021г.",26.04.2021 17:50,29.04.2021 17:50,ЗАВЕРШЕНО,АО Казахстанско-Британский технический университет
72," Заявка на закуп услуг аренды Led экрана, согласно заявке №105/21 от 19.04.21г.",19.04.2021 15:30,22.04.2021 15:31,ЗАВЕРШЕНО,АО Казахстанско-Британский технический университет
73," Закуп услуг по оформлению стендов в аудиториях, согласно заявке № 93/21",14.04.2021 12:45,19.04.2021 12:45,ЗАВЕРШЕНО,АО Казахстанско-Британский технический университет
74," Заявка на приобретение химических реактивов и посуды для НОЦХИ, согласно заявке №100/21 от 12.04.21г.",13.04.2021 17:55,16.04.2021 17:56,ЗАВЕРШЕНО,АО Казахстанско-Британский технический университет
75," Закуп услуг на ""гидро-динамическую промывку канализационной трубы от засора"". Согласно заявке № 97/21 ОТ 12.04.2021",12.04.2021 16:00,15.04.2021 16:00,ЗАВЕРШЕНО,АО Казахстанско-Британский технический университет
76, Закуп литературы согласно заявке № 95/21 ОТ 09.04.2021г.,12.04.2021 16:00,15.04.2021 16:00,ЗАВЕРШЕНО,АО Казахстанско-Британский технический университет
77," Закуп услуг кейтеринга, по выездному обслуживанию: Фуршет на 20 человек, согласно заявке  № 85/21 ОТ 30.03.2021",08.04.2021 12:40,13.04.2021 12:40,ЗАВЕРШЕНО,АО Казахстанско-Британский технический университет
78," Закуп услуг по страхованию автотранспортных средств, согласно заявке № 83/21 ОТ 30.03.2021",06.04.2021 15:30,09.04.2021 15:30,ЗАВЕРШЕНО,АО Казахстанско-Британский технический университет
79," Закуп услуг кейтеринга, по выездному обслуживанию: Фуршет на 20 человек, согласно заявке  № 85/21 ОТ 30.03.2021",31.03.2021 15:10,05.04.2021 15:10,ЗАВЕРШЕНО,АО Казахстанско-Британский технический университет
80," Закуп услуг по страхованию автотранспортных средств, согласно заявке № 83/21 ОТ 30.03.2021",31.03.2021 00:00,05.04.2021 15:00,ЗАВЕРШЕНО,АО Казахстанско-Британский технический университет
81," Заявка на приобретение ТМЗ для научно-исследовательской работы НОЦ АЭиН, согласно заявке №86/21 от 30.03.21г.",30.03.2021 15:00,02.04.2021 15:01,ЗАВЕРШЕНО,АО Казахстанско-Британский технический университет
82," Закупка бумаги, расходных материалов и запасных частей для Издательского Центра, согласно заявке № 76/21 ОТ 25.03.2021",29.03.2021 11:20,01.04.2021 11:20,ЗАВЕРШЕНО,АО Казахстанско-Британский технический университет
83," Закупка питьевой воды (бутыль - 19л.; 0,5л. (стекло)) для сотрудников АО ""КБТУ"", согласно заявке № 47/21 от 15.02.2021г.",15.03.2021 17:30,18.03.2021 17:30,ЗАВЕРШЕНО,АО Казахстанско-Британский технический университет
84," Закупка услуг для ДМиС АО ""КБТУ"", согласно заявке №63/21 от 09.03.2021г.",15.03.2021 17:00,18.03.2021 17:00,ЗАВЕРШЕНО,АО Казахстанско-Британский технический университет
85," Закупка товара для ДМиС АО ""КБТУ"", согласно заявке №63/21 от 09.03.2021г.",15.03.2021 16:20,18.03.2021 16:20,ЗАВЕРШЕНО,АО Казахстанско-Британский технический университет
86," Закупка товара для ДИТ АО ""КБТУ"", согласно заявке №72/21 от 13.03.2021г.",15.03.2021 15:20,18.03.2021 15:20,ЗАВЕРШЕНО,АО Казахстанско-Британский технический университет
87," Закупка товара для ЦМТ АО ""КБТУ"", согласно заявке №71/21 от 13.03.2021г.",15.03.2021 13:00,18.03.2021 13:00,ЗАВЕРШЕНО,АО Казахстанско-Британский технический университет
88," Закуп товара (вентилятор радиальный низкого давления ВР 86-77-6,3) , согласно заявке №65/21 от 09.03.21г.",09.03.2021 11:15,12.03.2021 11:16,ЗАВЕРШЕНО,АО Казахстанско-Британский технический университет
89," Закуп услуг по аттестации рабочих мест труда по условиям труда, согласно заявке № 28/21 от 03.02.2021г.",01.03.2021 16:30,04.03.2021 16:30,ЗАВЕРШЕНО,АО Казахстанско-Британский технический университет
90," Заявка на приобретение  маркеров для LED доски, согласно заявке І56/21 от 25.02.2021г.",26.02.2021 10:00,03.03.2021 10:01,ЗАВЕРШЕНО,АО Казахстанско-Британский технический университет
91," Закуп услуг по доступу к размещению информации о свободных вакансиях, поиск квалифицированных специалистов согласно заявке № 33/21 ОТ 08.02.2021",18.02.2021 17:30,23.02.2021 17:30,ЗАВЕРШЕНО,АО Казахстанско-Британский технический университет
92," Закуп канцелярских товаров, шариковая ручка на основании заявки № 54/21 ОТ 18.02.2021",18.02.2021 16:20,23.02.2021 16:20,ЗАВЕРШЕНО,АО Казахстанско-Британский технический университет
93," Закуп зимних шин, на основании заявки № 54/21 ОТ 18.02.2021",18.02.2021 16:10,23.02.2021 16:20,ЗАВЕРШЕНО,АО Казахстанско-Британский технический университет
94," Заявка на закуп оборудования (осциллограф, измеритель и прочее) по проектам для СК, согласно заявке №50/21 от 18.02.21г.",18.02.2021 14:30,23.02.2021 14:31,ЗАВЕРШЕНО,АО Казахстанско-Британский технический университет
95," Заявка на приобретение соли технической и песка природного, согласно заявке №49/21 от 18.02.21г.",18.02.2021 14:00,23.02.2021 14:01,ЗАВЕРШЕНО,АО Казахстанско-Британский технический университет
96," Закупка товара для Казахстанской Морской Академии АО ""КБТУ"", согласно заявке от 17.02.2021г.",17.02.2021 11:00,22.02.2021 11:00,ЗАВЕРШЕНО,АО Казахстанско-Британский технический университет
97," Заявка на приобретение химических реагентов и материалов для НОЦ М и ПК, согласно заявке №46/21 от 15.02.2021г.",15.02.2021 15:45,18.02.2021 15:46,ЗАВЕРШЕНО,АО Казахстанско-Британский технический университет
98," Закуп ортопедических матрасов для ДМиС АО ""КБТУ"", согласно заявке № 20/21 от 27.01.2021г.",12.02.2021 16:15,17.02.2021 16:15,ЗАВЕРШЕНО,АО Казахстанско-Британский технический университет
99," Закупка услуг по дезинсекции и дератизации помещений ДМиС и КБТУ, согласно заявкам № 9/21 от 18.01.2021г. и № 38/21 от 10.02.2021г.",11.02.2021 11:30,16.02.2021 11:30,ЗАВЕРШЕНО,АО Казахстанско-Британский технический университет
100," Закуп услуг по аттестации рабочих мест труда по условиям труда, согласно заявке № 28/21 от 03.02.2021г.",11.02.2021 11:07,16.02.2021 11:07,ЗАВЕРШЕНО,АО Казахстанско-Британский технический университет
101," Закуп услуг по сдаче отчетов по выбросам в атмосферу, согласно заявке № 28/21 от 03.02.2021г.",11.02.2021 11:00,16.02.2021 11:00,ЗАВЕРШЕНО,АО Казахстанско-Британский технический университет
102," Закуп услуг по утилизации отработанных химических веществ, согласно заявке № 28/21 от 03.02.2021г.",11.02.2021 11:00,16.02.2021 11:00,ЗАВЕРШЕНО,АО Казахстанско-Британский технический университет
103," Закупка товара для Казахстанской Морской Академии АО ""КБТУ"", согласно заявке № 25/21 от 02.02.2021г.",11.02.2021 10:30,16.02.2021 10:30,ЗАВЕРШЕНО,АО Казахстанско-Британский технический университет
104," Закупка товара для Казахстанской Морской Академии АО ""КБТУ"", согласно заявке № 25/21 от 02.02.2021г.",11.02.2021 10:00,16.02.2021 10:00,ЗАВЕРШЕНО,АО Казахстанско-Британский технический университет
105," Заявка на закупку услуг по обработке ортопедических матрасов в ДМиС, на основании заявки № 9/21 ОТ 18.01.2021",10.02.2021 17:40,15.02.2021 17:40,ЗАВЕРШЕНО,АО Казахстанско-Британский технический университет
106," Заявка на приобретение электронного ключа для 1С, согласно заявке №34/21 от 08.02.2021г.",08.02.2021 14:49,11.02.2021 14:50,ЗАВЕРШЕНО,АО Казахстанско-Британский технический университет
107," Заявка на приобретение услуг оказание услуг по ремонту бытовой техники в ДМиС, согласно заявке  № 9/21 ОТ 18.01.2021",08.02.2021 12:00,11.02.2021 12:30,ЗАВЕРШЕНО,АО Казахстанско-Британский технический университет
108, Закуп спецодежды для Эксплуатационно-Хозяйственного Департамента  согласно заявке № 16/21 ОТ 26.01.2021,08.02.2021 12:00,11.02.2021 12:00,ЗАВЕРШЕНО,АО Казахстанско-Британский технический университет
109," Закуп литературы, согласно заявке  № 24/21 ОТ 02.02.2021",08.02.2021 12:00,11.02.2021 12:00,ЗАВЕРШЕНО,АО Казахстанско-Британский технический университет
110," Закуп зимних шин, на основании заявки № 32/21 ОТ 05.02.2021",08.02.2021 12:00,11.02.2021 12:00,ЗАВЕРШЕНО,АО Казахстанско-Британский технический университет
111," Закупка спецпитания для сотрудников работающих во вредных условиях (молоко), согласно заявке № 26/21 от 03.02.2021г.",05.02.2021 15:00,10.02.2021 15:00,ЗАВЕРШЕНО,АО Казахстанско-Британский технический университет
112," Заявка на обслуживание счетчиков тепла в ДМиС и ЭХД, согласно заявкам №29/21, 30/21 от 05.02.2021г.",05.02.2021 12:55,10.02.2021 12:56,ЗАВЕРШЕНО,АО Казахстанско-Британский технический университет
113," Заявка на приобретение государственного флага РК и радиатора, согласно заявке №29/21 от 05.02.2021г.",05.02.2021 12:07,10.02.2021 12:08,ЗАВЕРШЕНО,АО Казахстанско-Британский технический университет
114," Закупка товара для Казахстанской Морской Академии АО ""КБТУ"", согласно заявке № 25/21 от 02.02.2021г.",03.02.2021 00:00,06.02.2021 00:00,ЗАВЕРШЕНО,АО Казахстанско-Британский технический университет
115, Закуп спецодежды для Эксплуатационно-Хозяйственного Департамента  согласно заявке № 16/21 ОТ 26.01.2021,28.01.2021 10:30,02.02.2021 10:30,ЗАВЕРШЕНО,АО Казахстанско-Британский технический университет
116," Закуп переводческих услуг, согласно заявке № 18/21 от 27.01.2021г.",27.01.2021 17:10,01.02.2021 17:10,ЗАВЕРШЕНО,АО Казахстанско-Британский технический университет
117," Закупка услуг в области обслуживания пожарной системы ДМиС и КБТУ, согласно заявке № 8/21 и 9/21 от 18.01.2021г.",27.01.2021 16:00,01.02.2021 16:00,ЗАВЕРШЕНО,АО Казахстанско-Британский технический университет
118," Закупка товара для Научной библиотеки АО ""КБТУ"", согласно заявке № 13/21 от 26.01.2021г.",27.01.2021 15:00,01.02.2021 15:00,ЗАВЕРШЕНО,АО Казахстанско-Британский технический университет
119," Заявка на приобретение расходных материалов и запасных частей для ИЦ, согласно заявке №17/21 от 27.01.2021г.",27.01.2021 14:30,01.02.2021 14:31,ЗАВЕРШЕНО,АО Казахстанско-Британский технический университет
120," Закуп хозяйственных товаров для ЭХД, согласно заявке № 16-21 от 26.01.2021г.",27.01.2021 00:00,01.02.2021 17:00,ЗАВЕРШЕНО,АО Казахстанско-Британский технический университет
121," Заявка на приобретение фоторамок согласно, заявке ЭХД № 11/21 ОТ 19.01.2021",26.01.2021 14:40,29.01.2021 14:40,ЗАВЕРШЕНО,АО Казахстанско-Британский технический университет
122," Заявка на приобретение хозяйственных товаров для обслуживания корпусов ДМиС, согласно заявке № 6/21 ОТ 18.01.2021",25.01.2021 17:35,28.01.2021 17:36,ЗАВЕРШЕНО,АО Казахстанско-Британский технический университет
123, Заявка на приобретение услуг по выездному обслуживанию (кейтеринг),25.01.2021 11:30,28.01.2021 11:30,ЗАВЕРШЕНО,АО Казахстанско-Британский технический университет
124," Заявка на приобретение услуг оказание услуг по ремонту бытовой техники в ДМиС, согласно заявке  № 9/21 ОТ 18.01.2021",21.01.2021 14:30,26.01.2021 14:30,ЗАВЕРШЕНО,АО Казахстанско-Британский технический университет
125," Заявка на приобретение услуг на оказание услуг Прачечной для ДМиС, согласно заявке  № 9/21 ОТ 18.01.2021",21.01.2021 14:30,26.01.2021 14:30,ЗАВЕРШЕНО,АО Казахстанско-Британский технический университет
126," Заявка  на приобретение расходных материалов для твердого переплета, согласно заявке № 10/21 ОТ 20.01.2021",21.01.2021 12:00,26.01.2021 12:00,ЗАВЕРШЕНО,АО Казахстанско-Британский технический университет
127," Заявка на приобретение услуг по техническому обслуживанию лифтов, согласно заявке № 8/21 ОТ 18.01.2021",21.01.2021 11:40,26.01.2021 11:40,ЗАВЕРШЕНО,АО Казахстанско-Британский технический университет
128," Заявка на приобретение услуг по обслуживанию принтеров и заправке/замене картриджей, согласно заявке ПР-33 13.01.2021",21.01.2021 11:30,26.01.2021 11:30,ЗАВЕРШЕНО,АО Казахстанско-Британский технический университет
129," Заявка на услуги телекоммуникации, согласно заявке №12/21 от 19.01.21г.",20.01.2021 16:45,25.01.2021 16:46,ЗАВЕРШЕНО,АО Казахстанско-Британский технический университет
130," Заявка на приобретение услуг по техническому обслуживанию печатного оборудования, согласно заявке №7/21 от 20.01.21г.",20.01.2021 15:15,25.01.2021 15:16,ЗАВЕРШЕНО,АО Казахстанско-Британский технический университет
131," Заявка на приобретение хозяйственных товаров для обслуживания корпусов ДМиС, согласно заявке № 6/21 ОТ 18.01.2021",19.01.2021 17:15,22.01.2021 17:16,ЗАВЕРШЕНО,АО Казахстанско-Британский технический университет
132," Закупка ручных пылесосов, согласно заявке № /14 ОТ 14.01.2021",18.01.2021 09:30,21.01.2021 09:30,ЗАВЕРШЕНО,АО Казахстанско-Британский технический университет
133," Закупка питьевой воды (бутыль - 19л.; 0,5л. (стекло)) для сотрудников АО ""КБТУ"", согласно заявке № 1/21 от 12.01.2021г.",14.01.2021 17:00,19.01.2021 17:00,ЗАВЕРШЕНО,АО Казахстанско-Британский технический университет
134, Закуп товара согласно заявке № /13 ОТ 14.01.2021,14.01.2021 17:00,19.01.2021 17:00,ЗАВЕРШЕНО,АО Казахстанско-Британский технический университет
135," Закупка работ по техническому обслуживанию и ремонту автотранспортных средств, согласно заявке № 2/21 от 13.01.2021г.",14.01.2021 16:45,19.01.2021 16:45,ЗАВЕРШЕНО,АО Казахстанско-Британский технический университет
136," Закупка услуг по вывозу снега (с погрузкой) и строительного мусора (ЭХД), согласно заявке от 13.01.2021г.",13.01.2021 15:00,18.01.2021 15:00,ЗАВЕРШЕНО,АО Казахстанско-Британский технический университет
137," Закуп товара по проекту ГФ № AP08857306, согласно заявке №264Т от 20.12.2020г.",21.12.2020 10:30,24.12.2020 10:30,ЗАВЕРШЕНО,АО Казахстанско-Британский технический университет
138," Закуп товара (дизельное топливо и бензин) для ЭХД, КМА и ДМиС, согласно заявке №257Т от 15.12.2020г.",20.12.2020 17:50,23.12.2020 17:50,ЗАВЕРШЕНО,АО Казахстанско-Британский технический университет
139," Закупка услуг автомойки служебного транспорта (ЭХД), согласно заявке № 2592 У от 15.12.2020г.",20.12.2020 17:00,23.12.2020 17:00,ЗАВЕРШЕНО,АО Казахстанско-Британский технический университет
140," Закуп товара по проекту НИР ИРН AP08856031, согласно заявке №258Т от 15.12.20",20.12.2020 16:00,23.12.2020 16:00,ЗАВЕРШЕНО,АО Казахстанско-Британский технический университет
141," Закуп товара для Сектора коммерциализации ПЦФ № BR05236800 № 208 от 19 марта 2018 г., согласно заявки №256Т от 14.12.2020",20.12.2020 16:00,23.12.2020 16:00,ЗАВЕРШЕНО,АО Казахстанско-Британский технический университет
142, Приобретение литературы для ФИТ на весенний семестр 2020-2021 г. согласно заявке № 233 Т от 07.12.2020г.,15.12.2020 11:00,22.12.2020 11:00,ЗАВЕРШЕНО,АО Казахстанско-Британский технический университет
143," Приобретение литературы для БШ на 2020-2021 учебный год, согласно заявке № 234 Т от 07.12.2020г.",15.12.2020 11:00,22.12.2020 11:00,ЗАВЕРШЕНО,АО Казахстанско-Британский технический университет
144," Закуп оборудования: Микроволновая система синтеза UWAVE-2000, согласно заявке 245 Т от 11.12.2020г.",11.12.2020 17:00,20.12.2020 17:00,ЗАВЕРШЕНО,АО Казахстанско-Британский технический университет
145," Приобретения насосов для ДМиС, согласно заявке 244 Т от 10.12.2020г.",11.12.2020 17:00,20.12.2020 17:00,ЗАВЕРШЕНО,АО Казахстанско-Британский технический университет
146, Закупка товаров для плотника ЭХД,11.12.2020 16:00,20.12.2020 16:00,ЗАВЕРШЕНО,АО Казахстанско-Британский технический университет
147," Ремонт и калибровка двух микротвердомеров ПМТ-3М,  согласно заявке  №192У от 02.11.20",11.12.2020 16:00,14.12.2020 16:00,ЗАВЕРШЕНО,АО Казахстанско-Британский технический университет
148," Закупка товаров для НС НОЦ Материаловедения и проблем коррозии, по заявке №230Т от 07.12.20",10.12.2020 10:30,15.12.2020 10:30,ЗАВЕРШЕНО,АО Казахстанско-Британский технический университет
149," Закуп спецодежды для работы в мастерских КМА,  согласно заявке № 226 Т от 02.12.2020г.",09.12.2020 12:20,14.12.2020 12:30,ЗАВЕРШЕНО,АО Казахстанско-Британский технический университет
150," Приобретение литературы для БШ на 2020-2021 учебный год, согласно заявке № 234 Т от 07.12.2020г.",09.12.2020 12:00,14.12.2020 12:00,ЗАВЕРШЕНО,АО Казахстанско-Британский технический университет
151, Приобретение литературы для ФИТ на весенний семестр 2020-2021 г. согласно заявке № 233 Т от 07.12.2020г.,09.12.2020 00:00,12.12.2020 00:00,ЗАВЕРШЕНО,АО Казахстанско-Британский технический университет
152," Расходные материалы для ИЦ, согласно заявке №235Т от 07.12.20г.",07.12.2020 17:30,10.12.2020 17:31,ЗАВЕРШЕНО,АО Казахстанско-Британский технический университет
153," Услуги по проведению институциональной и специализированной аккредитаций, в соответствии с заявкой ДИиСР № 219-У от 25.11.2020г.",04.12.2020 12:30,09.12.2020 12:30,ЗАВЕРШЕНО,АО Казахстанско-Британский технический университет
154," Закуп картриджей согласно заявке ""Компоненты и материалы по НИР"" от 04.12.2020",04.12.2020 00:00,09.12.2020 16:30,ЗАВЕРШЕНО,АО Казахстанско-Британский технический университет
155, Закупк услуг  организации перевозок грузов по международным маршрутам,27.11.2020 16:00,03.12.2020 16:00,ЗАВЕРШЕНО,АО Казахстанско-Британский технический университет
156," Закупка товаров (хим. реактивы)  и услуг по покраске алюминиевого профиля для НОЦ АЭиН , согласно заявке № 218 Т и У от 25.11.2020г.",27.11.2020 14:00,03.12.2020 14:01,ЗАВЕРШЕНО,АО Казахстанско-Британский технический университет
157," Закупка услуг по организации кофе-брейков и бизнес-ланчей в г. Актау, согласно заявке № 186 У от 30.10.2020г.",24.11.2020 15:30,27.11.2020 15:30,ЗАВЕРШЕНО,АО Казахстанско-Британский технический университет
158, Папки подвесные пластиковые для ОР,24.11.2020 14:30,27.11.2020 14:31,ЗАВЕРШЕНО,АО Казахстанско-Британский технический университет
159, Закупка услуг по оформлению стендов,24.11.2020 00:00,27.11.2020 00:00,ЗАВЕРШЕНО,АО Казахстанско-Британский технический университет
160," Закупка товаров для сектора коммерциализации, согласно заявке № 215 Т от 20.11.2020г.",20.11.2020 17:00,25.11.2020 17:00,ЗАВЕРШЕНО,АО Казахстанско-Британский технический университет
161, Закуп товаров для ДВС,20.11.2020 16:10,25.11.2020 16:11,ЗАВЕРШЕНО,АО Казахстанско-Британский технический университет
162, Компьютерная техника для ФГиГ,20.11.2020 11:00,25.11.2020 11:01,ЗАВЕРШЕНО,АО Казахстанско-Британский технический университет
163, Закуп товаров Ноутбук Xiaomi RedmiBook 16  по заявке 174 Т от 10.11.2020 г.,19.11.2020 16:00,24.11.2020 16:00,ЗАВЕРШЕНО,АО Казахстанско-Британский технический университет
164, Закуп медицинских масок и одноразовых перчаток,19.11.2020 15:55,24.11.2020 15:56,ЗАВЕРШЕНО,АО Казахстанско-Британский технический университет
165, Закуп оборудования по проекту AP05130019,17.11.2020 17:00,20.11.2020 17:00,ЗАВЕРШЕНО,АО Казахстанско-Британский технический университет
166, Закупка химических реактивов и посуды НОЦ ХИ,16.11.2020 16:00,19.11.2020 16:01,ЗАВЕРШЕНО,АО Казахстанско-Британский технический университет
167," Закупка услуг по подписке к облачному решению Мicrosoft Project Plan 3 for faculty для ДИТ, согласно заявке № 200 У от 11.11.2020г.",11.11.2020 00:00,16.11.2020 17:30,ЗАВЕРШЕНО,АО Казахстанско-Британский технический университет
168," Закупка товара для НОЦ МиПК , согласно заявке № 198 Т от 09.11.2020г.",10.11.2020 15:00,13.11.2020 15:01,ЗАВЕРШЕНО,АО Казахстанско-Британский технический университет
169, Закуп оборудования по проекту НИР Система GPC- Agress 1100 GPC System,10.11.2020 11:00,13.11.2020 11:00,ЗАВЕРШЕНО,АО Казахстанско-Британский технический университет
170," Закупка товаров для ДИТ, согласно заявке № 199 Т от 10.11.2020г.",10.11.2020 10:00,13.11.2020 10:01,ЗАВЕРШЕНО,АО Казахстанско-Британский технический университет
171, Закуп картриджей на цветные принтера,05.11.2020 10:00,10.11.2020 10:01,ЗАВЕРШЕНО,АО Казахстанско-Британский технический университет
172, Закуп вышки тура и метеостанции цифровой WH1081 для обслуживания ветрогенератора,04.11.2020 11:00,09.11.2020 11:00,ЗАВЕРШЕНО,АО Казахстанско-Британский технический университет
173, Ремонт и калибровка двух микротвердомеров ПМТ-3М,04.11.2020 11:00,09.11.2020 11:00,ЗАВЕРШЕНО,АО Казахстанско-Британский технический университет
174," Закупка услуг по организации кофе-брейков и бизнес-ланчей, согласно заявке № 186 У от 30.10.2020г.",03.11.2020 17:40,06.11.2020 17:41,ЗАВЕРШЕНО,АО Казахстанско-Британский технический университет
175, Закуп ноутбуков MSI Prestige 14 A10RSC-264XKZ для проекта №AP05133211,30.10.2020 16:00,03.11.2020 16:00,ЗАВЕРШЕНО,АО Казахстанско-Британский технический университет
176, Закуп нагревательного столика TBK-568 for 12.6’’ Tablet heater 220V и силиконовой мембраны (Silicone membrane),30.10.2020 16:00,03.11.2020 16:00,ЗАВЕРШЕНО,АО Казахстанско-Британский технический университет
177," Закуп Работ по подготовке площадки для оборудования лаборатории ФГиГ, согласно заявке № 182 Р от 27.10.2020г.",27.10.2020 14:32,30.10.2020 14:33,ЗАВЕРШЕНО,АО Казахстанско-Британский технический университет
178, Закуп нового штампа,27.10.2020 12:10,30.10.2020 12:11,ЗАВЕРШЕНО,АО Казахстанско-Британский технический университет
179, Закуп товара для Службы безопасности,23.10.2020 11:50,27.10.2020 11:50,ЗАВЕРШЕНО,АО Казахстанско-Британский технический университет
180, Закупка услуг по созданию измерительного комплекса для проведения измерений в нанодиапазоне,23.10.2020 10:30,27.10.2020 10:30,ЗАВЕРШЕНО,АО Казахстанско-Британский технический университет
181, Закуп ноутбуков MSI Prestige 14 A10RSC-264XKZ для проекта №AP05133211,21.10.2020 17:00,26.10.2020 17:00,ЗАВЕРШЕНО,АО Казахстанско-Британский технический университет
182, Закуп товаров: ГАЗов и материалов для исследовательских работ,21.10.2020 17:00,26.10.2020 17:00,ЗАВЕРШЕНО,АО Казахстанско-Британский технический университет
183, Канцелярские товары для АУП,21.10.2020 12:40,26.10.2020 12:41,ЗАВЕРШЕНО,АО Казахстанско-Британский технический университет
184," Закупка услуг по медицинскому страхованию для афганских женщин, согласно заявке № 143 У от 02.10.2020г.",19.10.2020 17:49,22.10.2020 17:50,ЗАВЕРШЕНО,АО Казахстанско-Британский технический университет
185, Закупк услуг  организации перевозок грузов по международным маршрутам,19.10.2020 17:00,22.10.2020 17:00,ЗАВЕРШЕНО,АО Казахстанско-Британский технический университет
186," Закуп товара для ЭХД, согласно заявке № 162 Т от 14.10.2020г.",19.10.2020 11:49,22.10.2020 11:50,ЗАВЕРШЕНО,АО Казахстанско-Британский технический университет
187, Приобретение запасов санитарных товаров для ДМиС,16.10.2020 16:20,20.10.2020 16:20,ЗАВЕРШЕНО,АО Казахстанско-Британский технический университет
188, Компьютерная техника для ФГиГ,15.10.2020 17:20,20.10.2020 17:21,ЗАВЕРШЕНО,АО Казахстанско-Британский технический университет
189, Флуоресцентная фотобумага  светящаяся Acmelight Glow Paper,14.10.2020 10:20,19.10.2020 10:21,ЗАВЕРШЕНО,АО Казахстанско-Британский технический университет
190, Расходные материалы для ИЦ,13.10.2020 12:40,16.10.2020 12:41,ЗАВЕРШЕНО,АО Казахстанско-Британский технический университет
191, Перезарядка огнетушителей в ДМиС,12.10.2020 15:00,15.10.2020 15:01,ЗАВЕРШЕНО,АО Казахстанско-Британский технический университет
192, Компьютерная техника для ФГиГ,12.10.2020 14:45,15.10.2020 14:46,ЗАВЕРШЕНО,АО Казахстанско-Британский технический университет
193, Закупка рекламных услуг по таргетированной рекламе,09.10.2020 11:00,13.10.2020 11:00,ЗАВЕРШЕНО,АО Казахстанско-Британский технический университет
194, Закуп ГАЗов и материалов для исследовательских работ в НОЦАЭиН,09.10.2020 11:00,13.10.2020 11:00,ЗАВЕРШЕНО,АО Казахстанско-Британский технический университет
195, Закуп аккумуляторов для портативных радиостанций в симуляторах КМА,09.10.2020 11:00,13.10.2020 11:00,ЗАВЕРШЕНО,АО Казахстанско-Британский технический университет
196, Дезинфицирующее средство,05.10.2020 16:50,08.10.2020 16:51,ЗАВЕРШЕНО,АО Казахстанско-Британский технический университет
197," Закупка услуг по проведению тренингов на базе ЕKK для кадетов 3 и 4 курса КМА, согласно заявке № 138 У от 29.09.2020г.",05.10.2020 14:00,08.10.2020 14:01,ЗАВЕРШЕНО,АО Казахстанско-Британский технический университет
198, Материалы для реставрации насосов циркуляции доводчиков ЭХД,02.10.2020 11:20,07.10.2020 11:21,ЗАВЕРШЕНО,АО Казахстанско-Британский технический университет
199," Закупка услуг по питанию кадетов 3 и 4 курса КМА, согласно заявке № 139 У от 29.09.2020г.",01.10.2020 11:00,06.10.2020 11:01,ЗАВЕРШЕНО,АО Казахстанско-Британский технический университет
200, Закупка услуг по таргетированной рекламе для программы DBA ,29.09.2020 12:45,02.10.2020 12:46,ЗАВЕРШЕНО,АО Казахстанско-Британский технический университет
201, Закуп услуги  по аутсорсингу персонала: для преподавания дисциплины «Английский язык» для студентов КБТУ,29.09.2020 12:41,02.10.2020 12:42,ЗАВЕРШЕНО,АО Казахстанско-Британский технический университет
202, Закуп сантехнических материалов для осуществления ремонта санитарного (мужского) узла на пятом этаже,28.09.2020 15:30,01.10.2020 15:31,ЗАВЕРШЕНО,АО Казахстанско-Британский технический университет
203, Закуп материалов для ДМиС,28.09.2020 14:00,01.10.2020 14:01,ЗАВЕРШЕНО,АО Казахстанско-Британский технический университет
204," Закуп материалов для сварочных и токарных работ для НОЦАЭиН, на основании заявки №122Т от 15.09.20",25.09.2020 11:00,29.09.2020 11:00,ЗАВЕРШЕНО,АО Казахстанско-Британский технический университет
205," Услуги по ремонту и сервисному обслуживанию служебного автотранспорта АО ""КБТУ"".",24.09.2020 15:25,29.09.2020 15:25,ЗАВЕРШЕНО,АО Казахстанско-Британский технический университет
206, Заявка на поставку материалов для ДМиС согласно заявке №129Т от 21.09.20г.,22.09.2020 12:20,25.09.2020 12:21,ЗАВЕРШЕНО,АО Казахстанско-Британский технический университет
207, Закуп сантехнических материалов для осуществления ремонта санитарного узла на пятом этаже согласно заявке №127Т от 21.09.20г.,21.09.2020 17:00,24.09.2020 17:01,ЗАВЕРШЕНО,АО Казахстанско-Британский технический университет
208," Закуп электротоваров по заявке №120Т от 11.09.20, закуп материалов для грузчиков и плотников  №75Т от 06.08.20г.",18.09.2020 15:30,23.09.2020 15:30,ЗАВЕРШЕНО,АО Казахстанско-Британский технический университет
209," Закуп материалов для сварочных и токарных работ для НОЦАЭиН, на основании заявки №122Т от 15.09.20",18.09.2020 11:00,23.09.2020 11:00,ЗАВЕРШЕНО,АО Казахстанско-Британский технический университет
210," Заявка на закуп материалов/работ и услуг, по оформлению аудиторий 113-У от 10.09.2020",18.09.2020 11:00,23.09.2020 11:00,ЗАВЕРШЕНО,АО Казахстанско-Британский технический университет
211," Закупка услуг по дизайну, печати и установке баннера для приемной комиссии и дезинфекционный туннель согласно заявке №107Т от 03.09.20",18.09.2020 10:30,23.09.2020 10:30,ЗАВЕРШЕНО,АО Казахстанско-Британский технический университет
212, Закуп ноутбука согласно заявке №125 Т от 16.09.20г.,17.09.2020 10:10,22.09.2020 10:11,ЗАВЕРШЕНО,АО Казахстанско-Британский технический университет
213," Закупка услуги по переносу пульта пожарной сигнализации (ДМиС), согласно заявке № 116 У от 11.09.2020г.",15.09.2020 09:30,18.09.2020 09:31,ЗАВЕРШЕНО,АО Казахстанско-Британский технический университет
214," Закупка услуги по переносу пульта пожарной сигнализации (ДМиС), согласно заявке № 116 У от 11.09.2020г.",14.09.2020 11:40,17.09.2020 11:41,ЗАВЕРШЕНО,АО Казахстанско-Британский технический университет
215, Электротовары для СБ согласно заявке №119Т от 11.09.20г.,11.09.2020 15:50,16.09.2020 15:51,ЗАВЕРШЕНО,АО Казахстанско-Британский технический университет
216," Закупка услуги по поверке термопреобразователя прибора учета тепловой энергии  корпуса №1  (ДМиС), согласно заявке № 106 У от 03.09.2020г. поверке тепловых счетчиков ТВ7  (тепловычеслитель), РС-100 (расходометр подающий), РС-100 (расходометр обратный), КТ",11.09.2020 15:00,16.09.2020 15:01,ЗАВЕРШЕНО,АО Казахстанско-Британский технический университет
217," Закупка товаров для НИИЛ НиКХ, согласно заявке № 103 Т от 03.09.2020г.",11.09.2020 12:00,16.09.2020 12:01,ЗАВЕРШЕНО,АО Казахстанско-Британский технический университет
218," Закупка услуги по сервисному обслуживанию 10 прецизионных кондиционеров (ДИТ), согласно заявке №112 У от 09.09.2020г.",10.09.2020 14:00,15.09.2020 14:01,ЗАВЕРШЕНО,АО Казахстанско-Британский технический университет
219, Закуп сантехнических материалов для осуществления ремонта санитарного узла на пятом этаже согласно заявке №110Т от 09.09.20г.,10.09.2020 09:20,15.09.2020 09:21,ЗАВЕРШЕНО,АО Казахстанско-Британский технический университет
220, Закуп товара для Дома магистрантов и студентов согласно заявки №108Т от 07.09.2020,09.09.2020 12:55,14.09.2020 13:00,ЗАВЕРШЕНО,АО Казахстанско-Британский технический университет
221," Закупка товаров для ДИТ, согласно заявке № 96 Т от 27.08.2020г.",08.09.2020 15:00,11.09.2020 15:01,ЗАВЕРШЕНО,АО Казахстанско-Британский технический университет
222," Закупка услуги ускоренной почтовой связи (канцелярия), согласно заявке № 101 У от 01.09.2020г.",04.09.2020 10:00,09.09.2020 10:01,ЗАВЕРШЕНО,АО Казахстанско-Британский технический университет
223," Закупка услуги по обслуживанию кондиционеров (ЭХД), согласно заявке № 102 У от 01.09.2020г.",04.09.2020 10:00,09.09.2020 10:01,ЗАВЕРШЕНО,АО Казахстанско-Британский технический университет
224," Закуп аккумуляторных батарей и их замена, согласно заявке № 104 Т от 03.09.2020г.",03.09.2020 17:40,08.09.2020 17:45,ЗАВЕРШЕНО,АО Казахстанско-Британский технический университет
225, Крестовина из нержавеющей стали по чертежам,03.09.2020 15:00,08.09.2020 15:01,ЗАВЕРШЕНО,АО Казахстанско-Британский технический университет
226, Закуп оргстекла,03.09.2020 15:00,08.09.2020 15:01,ЗАВЕРШЕНО,АО Казахстанско-Британский технический университет
227," Закупка товаров для ИЦ, согласно заявке № 100 Т от 01.09.2020г.",02.09.2020 10:00,07.09.2020 10:01,ЗАВЕРШЕНО,АО Казахстанско-Британский технический университет
228," Закупка товаров для ДИТ, согласно заявке № 96 Т от 27.08.2020г.",28.08.2020 15:00,03.09.2020 15:01,ЗАВЕРШЕНО,АО Казахстанско-Британский технический университет
229, Оборудование для ДИТ,27.08.2020 15:00,02.09.2020 15:01,ЗАВЕРШЕНО,АО Казахстанско-Британский технический университет
